status,final_altitude_m,final_velocity_z_m_s,final_speed_m_s,final_time_s,final_fuel_mass_kg
still_flying,13974.097264956745,489.52566987615864,489.52566987615864,60.00000000000378,650.4655720033265
